,associative,concept,language,observational,rl
associative,1.0,0.7142857142857143,0.8461538461538461,0.6923076923076923,0.7142857142857143
concept,0.7142857142857143,1.0,0.6351648351648352,0.5516483516483517,0.8857142857142857
language,0.8461538461538461,0.6351648351648352,1.0,0.8285714285714285,0.6043956043956044
observational,0.6923076923076923,0.5516483516483517,0.8285714285714285,1.0,0.6967032967032967
rl,0.7142857142857143,0.8857142857142857,0.6043956043956044,0.6967032967032967,1.0
