,associative,concept,language,observational,rl
associative,0.0,0.00410440916188023,0.00013625614917754875,0.006071048749990052,0.00410440916188023
concept,0.00410440916188023,0.0,0.014657881327289136,0.04084905835112289,2.5040044989174743e-05
language,0.00013625614917754875,0.014657881327289136,0.0,0.000250534270865576,0.02205686175461608
observational,0.006071048749990052,0.04084905835112289,0.000250534270865576,0.0,0.005628677002967549
rl,0.00410440916188023,2.5040044989174743e-05,0.02205686175461608,0.005628677002967549,0.0
