category,before,after,delta,tasks_removed
associative,0.5967099567099567,0.5967099567099567,0.0,0
concept,0.3432864832535885,0.3451357323232323,0.001849249069643788,1
language,0.4924901700863239,0.4924901700863239,0.0,0
observational,0.3568877551020408,0.36520833333333336,0.008320578231292564,2
rl,0.41414085714285714,0.5170109243697478,0.10287006722689068,16
