provider,overall_mean,overall_std,n_models
Google,0.49044812516475306,0.18380583860010816,4
Open-source,0.47011048110646275,0.12782716059085164,4
Anthropic,0.38518015339225525,0.04076842624727413,3
OpenAI,0.3237573993946605,0.09702871697758744,3
