provider,rule_induction_mean,overall_mean,deficit,pct_below_overall
Anthropic,0.2667,0.39818,0.13147999999999999,33.0
Google,0.44015000000000004,0.50424,0.06408999999999998,12.7
Open-source,0.41775,0.48178,0.06402999999999998,13.3
OpenAI,0.2232,0.34608000000000005,0.12288000000000004,35.5
