quartile,mean,median,count
Q1 (low),178754.2761904762,43156.0,105
Q2,104895.00952380952,33255.0,105
Q3,68408.86666666667,19058.0,105
Q4 (high),10434.038095238095,3697.0,105
